question,source,page_number,faithfulness,answer_relevancy,context_precision,context_recall,answer
What example did Microsoft researchers use to compare the difference between GPT-3's and GPT-4's generations for the same set of instructions?,AI Engineering.pdf,421,0.0,0.0,0.0,0.0,I don't have enough information in the documents to answer that.
What is the recommended approach after achieving good results with a model during finetuning?,AI Engineering.pdf,381,0.8333333333333334,0.9999999999998556,0.9999999999,0.0,"After achieving good results with a model during finetuning, the recommended approach is to explore more advanced solutions only if prompting alone proves inadequate. It is also important to consider the policy and budget for monitoring, maintaining, and updating the model, as well as to evaluate whether switching to a new base model might provide significant performance improvements. [AI Engineering.pdf p.337]"
What percentage of its training set did the Hugging Face's StarCoder model memorize?,AI Engineering.pdf,209,0.5,0.9641243858686389,0.9999999999,1.0,The Hugging Face's StarCoder model memorized 8% of its training set. This information is cited from [AI Engineering.pdf p.209].
What is the term used by the authors of Reflexion to refer to a plan?,AI Engineering.pdf,318,nan,0.7587253882070639,0.9999999999,1.0,"The authors of Reflexion use the term ""trajectory"" to refer to a plan. This is mentioned in [AI Engineering.pdf p.318]."
"According to the Chinchilla scaling law, how many training tokens are needed for a 3B-parameter model?",AI Engineering.pdf,96,1.0,0.9935253819717992,0.9999999999,1.0,"According to the Chinchilla scaling law, a 3B-parameter model needs approximately 60B training tokens. This is based on the finding that the number of training tokens should be approximately 20 times the model size. [AI Engineering.pdf p.96]"
What is the main purpose of the Medusa approach as described in the passage?,AI Engineering.pdf,456,0.3333333333333333,0.9951430251268092,0.9999999999,0.0,"The main purpose of the Medusa approach, as described in the passage, is to enable parallel decoding by allowing multiple parts of a solution to be updated simultaneously and independently, thereby circumventing sequential dependencies. This approach is highlighted as a method to enhance the efficiency and flexibility of decoding processes in certain AI applications. Source: [AI Engineering.pdf p.456]"
What is the formula for the new weight matrix W' in the LoRA approach described in the passage?,AI Engineering.pdf,363,0.8333333333333334,0.9766851349774678,0.9999999999,1.0,"The formula for the new weight matrix $ W' $ in the LoRA approach is given by $ W' = W + \alpha r W_{AB} $, where $ W $ is the original weight matrix, $ \alpha $ is a hyperparameter, $ r $ is the LoRA rank, and $ W_{AB} $ is the product of the two smaller matrices $ A $ and $ B $. This is described in [AI Engineering.pdf p.363]."
What is the main purpose of Chapter 9 according to the passage?,AI Engineering.pdf,19,0.8333333333333334,0.9292434391363197,0.49999999995,1.0,"The main purpose of Chapter 9 is to discuss optimization techniques to make a model's inference cheaper and faster, both at the model level and inference service level. This chapter is particularly relevant if you host the model yourself, as it provides techniques that you would need to implement. 

Source: [AI Engineering.pdf p.19]"
What does the passage say about Python's support for encapsulation in OOP?,Data Science.pdf,521,1.0,0.8726048968578173,nan,1.0,"The passage states that Python does not enforce encapsulation strictly, unlike many other programming languages such as C++. Instead, encapsulation in Python relies on conventions, with access modifiers like public, protected, and private used to communicate accessibility protocols. Python uses underscores to indicate access control, but these are not strictly enforced, and protected or private members can be accessed outside the class. 

Source: [Data Science.pdf p.521], [Data Science.pdf p.524], [Python.pdf p.27]"
How long does it take to read this book according to the passage?,Data Science.pdf,2,nan,0.9817074856107292,nan,1.0,The passage states that the reading time of the book is about 9-10 hours. [Data Science.pdf p.2]
What is the core idea behind Adaboost according to the passage?,Data Science.pdf,290,nan,0.9372664629202182,0.8874999999778125,1.0,"The core idea behind Adaboost is to train many weak learners to build a more powerful model through an ensembling technique, where weak classifiers progressively learn from the previous model's mistakes. This is cited in [Data Science.pdf p.290]."
What is the purpose of maximum likelihood estimation according to the passage?,Data Science.pdf,181,1.0,0.8709630698650762,nan,1.0,"The purpose of maximum likelihood estimation (MLE) is to determine the specific set of parameters (θ) that maximize the likelihood of observing the given data. This method is used to estimate the parameters of a statistical model by finding the parameters that make the observed data most probable. 

Source: [Data Science.pdf p.181] and [Data Science.pdf p.122]."
Which loss function leads to better performance in the model according to the passage?,Data Science.pdf,64,nan,0.0,0.0,0.0,I don't have enough information in the documents to answer that.
Why is the gradient computation performed in fla6 according to the passage?,Data Science.pdf,39,1.0,0.9678565315131619,0.9999999999,1.0,"The gradient computation is performed in fla6 because, like the forward pass, gradient computations also involve matrix multiplications. Keeping them in fla6 can provide additional speedup. [Data Science.pdf p.39]"
Why might using PCA components with a decision tree model be problematic?,Data Science.pdf,278,1.0,0.9999999999998342,0.9999999999,1.0,"Using PCA components with a decision tree model might be problematic because PCA components are not interpretable, and maintaining feature interpretability can be important in some cases. Additionally, fitting a decision tree on PCA components can drastically reduce its depth, which may indicate that the original data has a diagonal separation that the decision tree is trying to mimic, suggesting that another algorithm might be more suitable. Source: [Data Science.pdf p.278]"
What is the process of inference using a decision tree described as in the passage?,Data Science.pdf,263,1.0,0.9236522485074419,0.9999999999,1.0,"The process of inference using a decision tree is described as an iterative process. We traverse a decision tree by evaluating the condition at a specific node in a layer until we reach a leaf node. 

Source: [Data Science.pdf p.263]"
Why is it difficult to determine how much a book recommendation system can improve without a human baseline?,ML.pdf,67,1.0,0.9492246253342921,0.99999999995,1.0,"It is difficult to determine how much a book recommendation system can improve without a human baseline because without a baseline, it is hard to know what the optimal error rate and reasonable desired error rate is. A human baseline provides a reference point to understand how much more the system can improve. [ML.pdf p.66]"
What is the 'satisficing metric' in the context of the passage?,ML.pdf,22,0.8,0.8667446079465133,0.9999999999,1.0,"A satisficing metric is a criterion that is set to meet a minimum acceptable value, rather than being optimized. In the context of the passage, when trading off N different criteria, N-1 of these criteria are set as satisficing metrics, meaning they must meet a certain threshold, while the final one is treated as the optimizing metric. This approach allows for focusing optimization efforts on the most critical criterion. [ML.pdf p.22]"
Why is it more promising to use a non-end-to-end approach for autonomous driving according to the passage?,ML.pdf,97,1.0,0.9827443188245869,0.6388888888675925,1.0,"According to the passage, the non-end-to-end approach is more promising for autonomous driving because it better matches the availability of data. The passage states that it is much easier to obtain a large dataset of labeled car or pedestrian images, which can be used to train intermediate modules such as car detectors and pedestrian detectors. In contrast, end-to-end systems require a large dataset of (Image, Steering Direction) pairs, which is very time-consuming and expensive to collect. Therefore, the non-end-to-end approach allows for the use of available data to train simpler functions, making it more feasible and effective. [ML.pdf p.97]"
What is the impact of reducing the number of features significantly in a machine learning model according to the passage?,ML.pdf,53,1.0,0.9023438736334052,0.5833333333041666,1.0,"Reducing the number of features significantly in a machine learning model can help with variance problems, but it might also increase bias. The passage indicates that a significant reduction (e.g., from 1,000 features to 100) is more likely to have a significant effect on bias, provided that useful features are not excluded. [ML.pdf p.53]"
What is one example of a large training set that can be used even if it comes from a different distribution than the dev/test set?,ML.pdf,71,0.6666666666666666,0.9916016304048894,0.8666666666377778,1.0,"A large training set that can be used even if it comes from a different distribution than the dev/test set is ""cat internet images."" This is mentioned in [ML.pdf p.71]."
"In the passage, how is the error attributed when the cat detector provides a perfect bounding box but the breed classifier outputs y=1?",ML.pdf,110,nan,0.9726112538303552,0.9999999999,1.0,"When the cat detector provides a perfect bounding box but the breed classifier outputs y=1, the error is attributed to the cat breed classifier. This is because the cat detector's output is considered accurate, and the error lies in the breed classifier's misclassification. The source file supports this by stating that if the cat breed classifier correctly outputs y=1 with a perfect bounding box, the error is attributed to the cat detector's performance, but in this case, the classifier is at fault. [ML.pdf p.109]"
What is the purpose of the dev and test sets according to the passage?,ML.pdf,15,0.75,0.8621471783477442,0.7555555555303703,1.0,"The purpose of the dev and test sets is to direct the team toward the most important changes to make to the machine learning system. They allow the team to quickly see how well the algorithm is doing and make decisions about improving the system. The dev set is used to tune parameters, select features, and make other decisions, while the test set is used to evaluate the performance of the algorithm without influencing the decisions made during the development process. 

Source: [ML.pdf p.15]"
What percentage of the dev set errors are caused by mislabeled examples according to the passage?,ML.pdf,34,0.5,0.9994220293643735,0.3333333333,0.0,"According to the passage, 30% of the dev set errors are caused by mislabeled examples. This is stated on [ML.pdf p.34]."
What is the output of the generator comprehension example provided in the passage?,Python.pdf,41,0.6666666666666666,0.9999999999998354,0.9999999999,1.0,"The output of the generator comprehension example provided in the passage is: ""Output values using generator comprehensions: 2 4 4 6"". This is because the generator comprehension filters even numbers from the input list. Source: [Python.pdf p.41]"
"What is the output of the code `function_with_keyword_arguments(first_name=""Der rick"", last_name=""Mwiti"")` based on the passage?",Python.pdf,50,0.75,0.9788023694174032,0.9999999999,1.0,"The output of the code `function_with_keyword_arguments(first_name=""Der rick"", last_name=""Mwiti"")` is:  
""The positional arguments are () The keyword arguments are {'first_name': 'Derrick', 'last_name': 'Mwiti'} This has shown keyword arguments""  

Source: [Python.pdf p.50]"
What is one key characteristic of functions in Functional Programming according to the passage?,Python.pdf,25,0.5,0.9975066790443649,0.9999999999,1.0,"A key characteristic of functions in Functional Programming, according to the passage, is that they do not maintain any state. This is mentioned in [Python.pdf p.25]."
What happens when a function contains at least one yield statement in Python?,Python.pdf,20,1.0,0.9605616834554396,0.99999999995,1.0,"When a function contains at least one yield statement in Python, it becomes a generator. The yield keyword pauses the current execution by saving its states and then resumes from the same when required. This allows the function to generate values on-the-fly, making it memory efficient and suitable for large datasets. 

Source: [Python.pdf p.20]"
What sorting algorithm does Python use?,Python.pdf,18,1.0,0.9917518660174811,0.9999999999,1.0,"Python uses the Tim Sort algorithm for sorting. This algorithm is a hybrid sorting algorithm derived from merge sort and insertion sort, and it is stable with a worst-case time complexity of O(N log N). 

Source: [Python.pdf p.18]"
What is Python described as in the passage?,Python.pdf,2,0.5,0.9999999999997223,0.9999999999,1.0,"Python is described as a widely-used general-purpose, high-level programming language in the passage. [Python.pdf p.2]"
What does polymorphism mean according to the passage?,Python.pdf,21,0.75,0.7474978665523356,0.9999999999,1.0,"Polymorphism means the ability to take multiple forms. For instance, if the parent class has a method named ABC, the child class can also have a method with the same name ABC but with its own parameters and variables. This is supported in Python. 

Source: [Python.pdf p.21]"
What is the purpose of the Global Interpreter Lock (GIL) in Python?,Python.pdf,57,1.0,0.9999999999999994,0.99999999995,1.0,"The purpose of the Global Interpreter Lock (GIL) in Python is to ensure that only one thread can execute at a time, effectively making Python's multithreading behave as if it is running in parallel, even though it is actually executing one thread at a time on a single CPU core. This lock restricts the threads and works as a single thread, which is why Python is generally not considered suitable for achieving true multithreading. [Python.pdf p.28]"
